{
  "cv_scores": [
    0.8744448445564759,
    0.8919697515304286,
    0.8832072980434522,
    0.9046933141279558,
    0.9028928099867963
  ],
  "cv_mean": 0.8914416036490218,
  "cv_std": 0.011521375836664386,
  "final_accuracy": 0.8896579315863172,
  "n_classes": 3,
  "n_features": 10,
  "n_samples": 49990,
  "classification_report": {
    "Low": {
      "precision": 0.738552520416784,
      "recall": 0.9408768027552558,
      "f1-score": 0.8275274517228323,
      "support": 13937.0
    },
    "Medium": {
      "precision": 0.9740263819095477,
      "recall": 0.8686628200100834,
      "f1-score": 0.9183322969411626,
      "support": 35702.0
    },
    "High": {
      "precision": 0.8810126582278481,
      "recall": 0.9914529914529915,
      "f1-score": 0.9329758713136729,
      "support": 351.0
    },
    "accuracy": 0.8896579315863172,
    "macro avg": {
      "precision": 0.8645305201847266,
      "recall": 0.9336642047394436,
      "f1-score": 0.8929452066592226,
      "support": 49990.0
    },
    "weighted avg": {
      "precision": 0.9077241809766227,
      "recall": 0.8896579315863172,
      "f1-score": 0.8931191096396398,
      "support": 49990.0
    }
  },
  "best_params": {
    "n_estimators": 10,
    "max_depth": 6,
    "learning_rate": 0.1,
    "min_samples_leaf": 2
  },
  "quantization_aware": true,
  "class_weights": {
    "0": 1.1956183779388199,
    "1": 0.4667338897914216,
    "2": 47.47388414055081
  },
  "preprocess_config": {}
}